{
    "key": "group_67da408bc4f80",
    "title": "Page Body",
    "fields": [
        {
            "key": "field_67da40b8ed8d5",
            "label": "Sections",
            "name": "sections",
            "aria-label": "",
            "type": "flexible_content",
            "instructions": "",
            "required": 0,
            "conditional_logic": 0,
            "wrapper": {
                "width": "",
                "class": "",
                "id": ""
            },
            "layouts": {
                "layout_6809a57758daf": {
                    "key": "layout_6809a57758daf",
                    "name": "section_builder",
                    "label": "Section Builder",
                    "display": "block",
                    "sub_fields": [
                        {
                            "key": "field_6809a58758db2",
                            "label": "Builder",
                            "name": "builder",
                            "aria-label": "",
                            "type": "clone",
                            "instructions": "",
                            "required": 0,
                            "conditional_logic": 0,
                            "wrapper": {
                                "width": "",
                                "class": "",
                                "id": ""
                            },
                            "clone": [
                                "group_6809a4778a6ea"
                            ],
                            "display": "seamless",
                            "layout": "block",
                            "prefix_label": 0,
                            "prefix_name": 0
                        }
                    ],
                    "min": "",
                    "max": ""
                },
                "layout_67e0cc170dd98": {
                    "key": "layout_67e0cc170dd98",
                    "name": "section_cards",
                    "label": "Section Cards",
                    "display": "block",
                    "sub_fields": [
                        {
                            "key": "field_67e0cc2a0dd9b",
                            "label": "Section",
                            "name": "section",
                            "aria-label": "",
                            "type": "clone",
                            "instructions": "",
                            "required": 0,
                            "conditional_logic": 0,
                            "wrapper": {
                                "width": "",
                                "class": "",
                                "id": ""
                            },
                            "clone": [
                                "group_67dbe5ad6578c"
                            ],
                            "display": "seamless",
                            "layout": "block",
                            "prefix_label": 0,
                            "prefix_name": 0
                        }
                    ],
                    "min": "",
                    "max": ""
                },
                "layout_67e213da1d3c5": {
                    "key": "layout_67e213da1d3c5",
                    "name": "section_rooms",
                    "label": "Section Rooms",
                    "display": "block",
                    "sub_fields": [
                        {
                            "key": "field_67e213f01d3c8",
                            "label": "Section",
                            "name": "section",
                            "aria-label": "",
                            "type": "clone",
                            "instructions": "",
                            "required": 0,
                            "conditional_logic": 0,
                            "wrapper": {
                                "width": "",
                                "class": "",
                                "id": ""
                            },
                            "clone": [
                                "group_67e2128f42820"
                            ],
                            "display": "seamless",
                            "layout": "block",
                            "prefix_label": 0,
                            "prefix_name": 0
                        }
                    ],
                    "min": "",
                    "max": ""
                },
                "layout_67e0d56f14eb1": {
                    "key": "layout_67e0d56f14eb1",
                    "name": "section_advantages",
                    "label": "Section Advantages",
                    "display": "block",
                    "sub_fields": [
                        {
                            "key": "field_67e0d57a14eb4",
                            "label": "Section",
                            "name": "section",
                            "aria-label": "",
                            "type": "clone",
                            "instructions": "",
                            "required": 0,
                            "conditional_logic": 0,
                            "wrapper": {
                                "width": "",
                                "class": "",
                                "id": ""
                            },
                            "clone": [
                                "group_67e0d4516e685"
                            ],
                            "display": "seamless",
                            "layout": "block",
                            "prefix_label": 0,
                            "prefix_name": 0
                        }
                    ],
                    "min": "",
                    "max": ""
                }
            },
            "min": "",
            "max": "",
            "button_label": "Add Section"
        }
    ],
    "location": [
        [
            {
                "param": "post_type",
                "operator": "==",
                "value": "page"
            }
        ]
    ],
    "menu_order": 1,
    "position": "normal",
    "style": "default",
    "label_placement": "top",
    "instruction_placement": "label",
    "hide_on_screen": "",
    "active": true,
    "description": "",
    "show_in_rest": 0,
    "modified": 1750309501
}
