{
    "key": "group_67f7884117bb1",
    "title": "c_media",
    "fields": [
        {
            "key": "field_67f788434d87b",
            "label": "Media Type",
            "name": "media_type",
            "aria-label": "",
            "type": "radio",
            "instructions": "",
            "required": 0,
            "conditional_logic": 0,
            "wrapper": {
                "width": "",
                "class": "",
                "id": ""
            },
            "choices": {
                "Gallery": "Gallery",
                "Video": "Video"
            },
            "default_value": "Gallery",
            "return_format": "value",
            "allow_null": 0,
            "other_choice": 0,
            "allow_in_bindings": 0,
            "layout": "horizontal",
            "save_other_choice": 0
        },
        {
            "key": "field_680c922da75ac",
            "label": "Gallery Layout",
            "name": "gallery_layout",
            "aria-label": "",
            "type": "select",
            "instructions": "",
            "required": 0,
            "conditional_logic": [
                [
                    {
                        "field": "field_67f788434d87b",
                        "operator": "==",
                        "value": "Gallery"
                    }
                ]
            ],
            "wrapper": {
                "width": "15",
                "class": "",
                "id": ""
            },
            "choices": {
                "carousel": "Carousel",
                "grid": "Grid",
                "grid_lightbox": "Grid with Lightbox"
            },
            "default_value": "carousel",
            "return_format": "value",
            "multiple": 0,
            "allow_null": 0,
            "allow_in_bindings": 0,
            "ui": 0,
            "ajax": 0,
            "placeholder": ""
        },
        {
            "key": "field_67f7888a4d87c",
            "label": "Gallery",
            "name": "gallery",
            "aria-label": "",
            "type": "gallery",
            "instructions": "",
            "required": 0,
            "conditional_logic": [
                [
                    {
                        "field": "field_67f788434d87b",
                        "operator": "==",
                        "value": "Gallery"
                    }
                ]
            ],
            "wrapper": {
                "width": "85",
                "class": "",
                "id": ""
            },
            "return_format": "id",
            "library": "all",
            "min": "",
            "max": "",
            "min_width": "",
            "min_height": "",
            "min_size": "",
            "max_width": "",
            "max_height": "",
            "max_size": "",
            "mime_types": "",
            "insert": "append",
            "preview_size": "medium"
        },
        {
            "key": "field_67f788ae4d87d",
            "label": "Video",
            "name": "video",
            "aria-label": "",
            "type": "file",
            "instructions": "",
            "required": 0,
            "conditional_logic": [
                [
                    {
                        "field": "field_67f788434d87b",
                        "operator": "==",
                        "value": "Video"
                    }
                ]
            ],
            "wrapper": {
                "width": "50",
                "class": "",
                "id": ""
            },
            "return_format": "url",
            "library": "all",
            "min_size": "",
            "max_size": "",
            "mime_types": "",
            "allow_in_bindings": 0
        },
        {
            "key": "field_67f7891412478",
            "label": "Video Thumbnail",
            "name": "video_thumbnail",
            "aria-label": "",
            "type": "image",
            "instructions": "",
            "required": 0,
            "conditional_logic": [
                [
                    {
                        "field": "field_67f788434d87b",
                        "operator": "==",
                        "value": "Video"
                    }
                ]
            ],
            "wrapper": {
                "width": "50",
                "class": "",
                "id": ""
            },
            "return_format": "url",
            "library": "all",
            "min_width": "",
            "min_height": "",
            "min_size": "",
            "max_width": "",
            "max_height": "",
            "max_size": "",
            "mime_types": "",
            "allow_in_bindings": 0,
            "preview_size": "medium"
        }
    ],
    "location": [
        [
            {
                "param": "block",
                "operator": "==",
                "value": ""
            }
        ]
    ],
    "menu_order": 0,
    "position": "normal",
    "style": "default",
    "label_placement": "top",
    "instruction_placement": "label",
    "hide_on_screen": "",
    "active": true,
    "description": "",
    "show_in_rest": 0,
    "modified": 1750825140
}
