{
    "key": "group_67e0d4516e685",
    "title": "Section Advantages",
    "fields": [
        {
            "key": "field_67e0d517d0e41",
            "label": "",
            "name": "",
            "aria-label": "",
            "type": "message",
            "instructions": "",
            "required": 0,
            "conditional_logic": 0,
            "wrapper": {
                "width": "",
                "class": "",
                "id": ""
            },
            "message": "Content in this section is managed via the <a href='\/wp-admin\/admin.php?page=hotel-advantages' target='_blank'>Hotel Advantages<\/a> option page.",
            "new_lines": "wpautop",
            "esc_html": 0
        }
    ],
    "location": [
        [
            {
                "param": "block",
                "operator": "==",
                "value": ""
            }
        ]
    ],
    "menu_order": 0,
    "position": "normal",
    "style": "default",
    "label_placement": "top",
    "instruction_placement": "label",
    "hide_on_screen": "",
    "active": true,
    "description": "",
    "show_in_rest": 0,
    "modified": 1750928328
}
