{
    "key": "group_6809a4778a6ea",
    "title": "Section Builder",
    "fields": [
        {
            "key": "field_6809b812e9ba9",
            "label": "Section Content",
            "name": "",
            "aria-label": "",
            "type": "tab",
            "instructions": "",
            "required": 0,
            "conditional_logic": 0,
            "wrapper": {
                "width": "",
                "class": "",
                "id": ""
            },
            "placement": "top",
            "endpoint": 0,
            "selected": 0
        },
        {
            "key": "field_685cd4be7829f",
            "label": "Components",
            "name": "builder_components",
            "aria-label": "",
            "type": "flexible_content",
            "instructions": "",
            "required": 0,
            "conditional_logic": 0,
            "wrapper": {
                "width": "",
                "class": "",
                "id": ""
            },
            "layouts": {
                "layout_685cd4c239038": {
                    "key": "layout_685cd4c239038",
                    "name": "content",
                    "label": "Content",
                    "display": "block",
                    "sub_fields": [
                        {
                            "key": "field_685cd4e2782a0",
                            "label": "Content",
                            "name": "content",
                            "aria-label": "",
                            "type": "clone",
                            "instructions": "",
                            "required": 0,
                            "conditional_logic": 0,
                            "wrapper": {
                                "width": "",
                                "class": "",
                                "id": ""
                            },
                            "clone": [
                                "group_67d943fa8312e"
                            ],
                            "display": "seamless",
                            "layout": "block",
                            "prefix_label": 0,
                            "prefix_name": 0
                        }
                    ],
                    "min": "",
                    "max": ""
                },
                "layout_685cd517782a1": {
                    "key": "layout_685cd517782a1",
                    "name": "media",
                    "label": "Media",
                    "display": "block",
                    "sub_fields": [
                        {
                            "key": "field_685cd520782a4",
                            "label": "Media",
                            "name": "media",
                            "aria-label": "",
                            "type": "clone",
                            "instructions": "",
                            "required": 0,
                            "conditional_logic": 0,
                            "wrapper": {
                                "width": "",
                                "class": "",
                                "id": ""
                            },
                            "clone": [
                                "group_67f7884117bb1"
                            ],
                            "display": "seamless",
                            "layout": "block",
                            "prefix_label": 0,
                            "prefix_name": 0
                        }
                    ],
                    "min": "",
                    "max": ""
                },
                "layout_685cd52f782a5": {
                    "key": "layout_685cd52f782a5",
                    "name": "blocks",
                    "label": "Blocks",
                    "display": "block",
                    "sub_fields": [
                        {
                            "key": "field_6809a478931d7",
                            "label": "Blocks",
                            "name": "blocks",
                            "aria-label": "",
                            "type": "repeater",
                            "instructions": "",
                            "required": 0,
                            "conditional_logic": 0,
                            "wrapper": {
                                "width": "",
                                "class": "",
                                "id": ""
                            },
                            "layout": "block",
                            "min": 0,
                            "max": 0,
                            "collapsed": "",
                            "button_label": "Add Block",
                            "rows_per_page": 20,
                            "sub_fields": [
                                {
                                    "key": "field_680c9146887c0",
                                    "label": "Block Content",
                                    "name": "",
                                    "aria-label": "",
                                    "type": "tab",
                                    "instructions": "",
                                    "required": 0,
                                    "conditional_logic": 0,
                                    "wrapper": {
                                        "width": "",
                                        "class": "",
                                        "id": ""
                                    },
                                    "placement": "top",
                                    "endpoint": 0,
                                    "selected": 0,
                                    "parent_repeater": "field_6809a478931d7"
                                },
                                {
                                    "key": "field_685cd5ea9de71",
                                    "label": "Components",
                                    "name": "components",
                                    "aria-label": "",
                                    "type": "flexible_content",
                                    "instructions": "",
                                    "required": 0,
                                    "conditional_logic": 0,
                                    "wrapper": {
                                        "width": "",
                                        "class": "",
                                        "id": ""
                                    },
                                    "layouts": {
                                        "layout_685cd5f0c7cde": {
                                            "key": "layout_685cd5f0c7cde",
                                            "name": "content",
                                            "label": "Content",
                                            "display": "block",
                                            "sub_fields": [
                                                {
                                                    "key": "field_6809a48e931d8",
                                                    "label": "Content",
                                                    "name": "content",
                                                    "aria-label": "",
                                                    "type": "clone",
                                                    "instructions": "",
                                                    "required": 0,
                                                    "conditional_logic": 0,
                                                    "wrapper": {
                                                        "width": "",
                                                        "class": "",
                                                        "id": ""
                                                    },
                                                    "clone": [
                                                        "group_67d943fa8312e"
                                                    ],
                                                    "display": "seamless",
                                                    "layout": "block",
                                                    "prefix_label": 0,
                                                    "prefix_name": 0
                                                }
                                            ],
                                            "min": "",
                                            "max": ""
                                        },
                                        "layout_685cd6299de73": {
                                            "key": "layout_685cd6299de73",
                                            "name": "media",
                                            "label": "Media",
                                            "display": "block",
                                            "sub_fields": [
                                                {
                                                    "key": "field_680c90fd887bf",
                                                    "label": "Media",
                                                    "name": "media",
                                                    "aria-label": "",
                                                    "type": "clone",
                                                    "instructions": "",
                                                    "required": 0,
                                                    "conditional_logic": 0,
                                                    "wrapper": {
                                                        "width": "",
                                                        "class": "",
                                                        "id": ""
                                                    },
                                                    "clone": [
                                                        "group_67f7884117bb1"
                                                    ],
                                                    "display": "seamless",
                                                    "layout": "block",
                                                    "prefix_label": 0,
                                                    "prefix_name": 0
                                                }
                                            ],
                                            "min": "",
                                            "max": ""
                                        }
                                    },
                                    "min": "",
                                    "max": "",
                                    "button_label": "Add Component",
                                    "parent_repeater": "field_6809a478931d7"
                                },
                                {
                                    "key": "field_680c9183887c1",
                                    "label": "Block Background",
                                    "name": "",
                                    "aria-label": "",
                                    "type": "tab",
                                    "instructions": "",
                                    "required": 0,
                                    "conditional_logic": 0,
                                    "wrapper": {
                                        "width": "",
                                        "class": "",
                                        "id": ""
                                    },
                                    "placement": "top",
                                    "endpoint": 0,
                                    "selected": 0,
                                    "parent_repeater": "field_6809a478931d7"
                                },
                                {
                                    "key": "field_680c9194887c2",
                                    "label": "Background Image",
                                    "name": "bg_image",
                                    "aria-label": "",
                                    "type": "image",
                                    "instructions": "",
                                    "required": 0,
                                    "conditional_logic": 0,
                                    "wrapper": {
                                        "width": "",
                                        "class": "",
                                        "id": ""
                                    },
                                    "return_format": "id",
                                    "library": "all",
                                    "min_width": "",
                                    "min_height": "",
                                    "min_size": "",
                                    "max_width": "",
                                    "max_height": "",
                                    "max_size": "",
                                    "mime_types": "",
                                    "allow_in_bindings": 1,
                                    "preview_size": "medium",
                                    "parent_repeater": "field_6809a478931d7"
                                }
                            ]
                        }
                    ],
                    "min": "",
                    "max": ""
                }
            },
            "min": "",
            "max": "",
            "button_label": "Add Component"
        },
        {
            "key": "field_68259c198d140",
            "label": "Section Background",
            "name": "",
            "aria-label": "",
            "type": "tab",
            "instructions": "",
            "required": 0,
            "conditional_logic": 0,
            "wrapper": {
                "width": "",
                "class": "",
                "id": ""
            },
            "placement": "top",
            "endpoint": 0,
            "selected": 0
        },
        {
            "key": "field_68259c268d141",
            "label": "Background Image",
            "name": "builder_bg_image",
            "aria-label": "",
            "type": "image",
            "instructions": "",
            "required": 0,
            "conditional_logic": 0,
            "wrapper": {
                "width": "",
                "class": "",
                "id": ""
            },
            "return_format": "id",
            "library": "all",
            "min_width": "",
            "min_height": "",
            "min_size": "",
            "max_width": "",
            "max_height": "",
            "max_size": "",
            "mime_types": "",
            "allow_in_bindings": 0,
            "preview_size": "medium"
        },
        {
            "key": "field_6822b2290ed0b",
            "label": "Nuna",
            "name": "",
            "aria-label": "",
            "type": "tab",
            "instructions": "",
            "required": 0,
            "conditional_logic": 0,
            "wrapper": {
                "width": "",
                "class": "",
                "id": ""
            },
            "placement": "top",
            "endpoint": 0,
            "selected": 0
        },
        {
            "key": "field_680f406c1ed13",
            "label": "Settings",
            "name": "builder_settings",
            "aria-label": "",
            "type": "clone",
            "instructions": "",
            "required": 0,
            "conditional_logic": 0,
            "wrapper": {
                "width": "",
                "class": "",
                "id": ""
            },
            "clone": [
                "group_680f3f65c155f"
            ],
            "display": "seamless",
            "layout": "block",
            "prefix_label": 0,
            "prefix_name": 0
        },
        {
            "key": "field_6822b4f10e3b2",
            "label": "Max Images",
            "name": "builder_max_images",
            "aria-label": "",
            "type": "number",
            "instructions": "For media grid layout",
            "required": 0,
            "conditional_logic": 0,
            "wrapper": {
                "width": "",
                "class": "",
                "id": ""
            },
            "default_value": "",
            "min": "",
            "max": "",
            "allow_in_bindings": 0,
            "placeholder": "",
            "step": "",
            "prepend": "",
            "append": ""
        }
    ],
    "location": [
        [
            {
                "param": "block",
                "operator": "==",
                "value": ""
            }
        ]
    ],
    "menu_order": 0,
    "position": "normal",
    "style": "default",
    "label_placement": "top",
    "instruction_placement": "label",
    "hide_on_screen": "",
    "active": true,
    "description": "",
    "show_in_rest": 0,
    "modified": 1750914667
}
