{
    "key": "ui_options_page_685b763719f21",
    "title": "Advantages",
    "active": true,
    "menu_order": 0,
    "page_title": "Advantages",
    "menu_slug": "hotel-advantages",
    "parent_slug": "hotel",
    "advanced_configuration": 1,
    "icon_url": "",
    "menu_title": "",
    "position": 1,
    "redirect": false,
    "description": "",
    "menu_icon": [],
    "update_button": "Update",
    "updated_message": "Options Updated",
    "capability": "edit_posts",
    "data_storage": "options",
    "post_id": "",
    "autoload": 0,
    "_parent": 417,
    "modified": 1750825409
}
