{
    "key": "ui_options_page_67e3d195246ad",
    "title": "Information",
    "active": true,
    "menu_order": 0,
    "page_title": "Information",
    "menu_slug": "hotel-information",
    "parent_slug": "hotel",
    "advanced_configuration": 1,
    "icon_url": "",
    "menu_title": "",
    "position": 0,
    "redirect": false,
    "description": "",
    "menu_icon": [],
    "update_button": "Update",
    "updated_message": "Options Updated",
    "capability": "edit_posts",
    "data_storage": "options",
    "post_id": "",
    "autoload": 0,
    "_parent": 417,
    "modified": 1750825426
}
