{
    "key": "group_67e0d31ee1ae6",
    "title": "c_advantages",
    "fields": [
        {
            "key": "field_67e0d31f74cb3",
            "label": "Advantages",
            "name": "advantages",
            "aria-label": "",
            "type": "repeater",
            "instructions": "",
            "required": 0,
            "conditional_logic": 0,
            "wrapper": {
                "width": "",
                "class": "",
                "id": ""
            },
            "layout": "table",
            "pagination": 0,
            "min": 0,
            "max": 0,
            "collapsed": "",
            "button_label": "Add Advantage",
            "rows_per_page": 20,
            "sub_fields": [
                {
                    "key": "field_67e0d34a74cb4",
                    "label": "Icon",
                    "name": "icon",
                    "aria-label": "",
                    "type": "clone",
                    "instructions": "",
                    "required": 0,
                    "conditional_logic": 0,
                    "wrapper": {
                        "width": "",
                        "class": "",
                        "id": ""
                    },
                    "clone": [
                        "group_67e0d256e9f13"
                    ],
                    "display": "seamless",
                    "layout": "block",
                    "prefix_label": 0,
                    "prefix_name": 0,
                    "parent_repeater": "field_67e0d31f74cb3"
                },
                {
                    "key": "field_67e0d37d74cb5",
                    "label": "Content",
                    "name": "content",
                    "aria-label": "",
                    "type": "flexible_content",
                    "instructions": "",
                    "required": 0,
                    "conditional_logic": 0,
                    "wrapper": {
                        "width": "80",
                        "class": "",
                        "id": ""
                    },
                    "layouts": {
                        "layout_67e0d38377d8d": {
                            "key": "layout_67e0d38377d8d",
                            "name": "label",
                            "label": "Label",
                            "display": "block",
                            "sub_fields": [
                                {
                                    "key": "field_67e0d39574cb6",
                                    "label": "Label",
                                    "name": "label",
                                    "aria-label": "",
                                    "type": "clone",
                                    "instructions": "",
                                    "required": 0,
                                    "conditional_logic": 0,
                                    "wrapper": {
                                        "width": "",
                                        "class": "",
                                        "id": ""
                                    },
                                    "clone": [
                                        "group_67d8fd9eadf4d"
                                    ],
                                    "display": "seamless",
                                    "layout": "block",
                                    "prefix_label": 0,
                                    "prefix_name": 0
                                }
                            ],
                            "min": "",
                            "max": ""
                        },
                        "layout_67e0d3c974cb8": {
                            "key": "layout_67e0d3c974cb8",
                            "name": "description",
                            "label": "Description",
                            "display": "block",
                            "sub_fields": [
                                {
                                    "key": "field_67e0d3cf74cbb",
                                    "label": "Description",
                                    "name": "description",
                                    "aria-label": "",
                                    "type": "textarea",
                                    "instructions": "",
                                    "required": 0,
                                    "conditional_logic": 0,
                                    "wrapper": {
                                        "width": "",
                                        "class": "",
                                        "id": ""
                                    },
                                    "default_value": "",
                                    "maxlength": "",
                                    "allow_in_bindings": 0,
                                    "rows": "",
                                    "placeholder": "",
                                    "new_lines": ""
                                }
                            ],
                            "min": "",
                            "max": ""
                        }
                    },
                    "min": "",
                    "max": "",
                    "button_label": "Add Content",
                    "parent_repeater": "field_67e0d31f74cb3"
                }
            ]
        }
    ],
    "location": [
        [
            {
                "param": "post_type",
                "operator": "==",
                "value": "post"
            }
        ]
    ],
    "menu_order": 0,
    "position": "normal",
    "style": "default",
    "label_placement": "top",
    "instruction_placement": "label",
    "hide_on_screen": "",
    "active": true,
    "description": "",
    "show_in_rest": 0,
    "modified": 1745830460
}
