{
    "key": "taxonomy_67e0e89753808",
    "title": "Room Categories",
    "menu_order": 0,
    "active": true,
    "taxonomy": "room-category",
    "object_type": [
        "room"
    ],
    "advanced_configuration": 1,
    "import_source": "",
    "import_date": "",
    "labels": {
        "name": "Room Categories",
        "singular_name": "Room Category",
        "menu_name": "Room Categories",
        "all_items": "All Room Categories",
        "edit_item": "Edit Room Category",
        "view_item": "View Room Category",
        "update_item": "Update Room Category",
        "add_new_item": "Add New Room Category",
        "new_item_name": "New Room Category Name",
        "parent_item": "Parent Room Category",
        "parent_item_colon": "Parent Room Category:",
        "search_items": "Search Room Categories",
        "most_used": "",
        "not_found": "No room categories found",
        "no_terms": "No room categories",
        "name_field_description": "",
        "slug_field_description": "",
        "parent_field_description": "",
        "desc_field_description": "",
        "filter_by_item": "Filter by room category",
        "items_list_navigation": "Room Categories list navigation",
        "items_list": "Room Categories list",
        "back_to_items": "← Go to room categories",
        "item_link": "Room Category Link",
        "item_link_description": "A link to a room category"
    },
    "description": "",
    "capabilities": {
        "manage_terms": "manage_categories",
        "edit_terms": "manage_categories",
        "delete_terms": "manage_categories",
        "assign_terms": "edit_posts"
    },
    "public": 1,
    "publicly_queryable": 1,
    "hierarchical": 1,
    "show_ui": 1,
    "show_in_menu": 1,
    "show_in_nav_menus": 1,
    "show_in_rest": 1,
    "rest_base": "",
    "rest_namespace": "wp\/v2",
    "rest_controller_class": "WP_REST_Terms_Controller",
    "show_tagcloud": 1,
    "show_in_quick_edit": 1,
    "show_admin_column": 0,
    "rewrite": {
        "permalink_rewrite": "taxonomy_key",
        "with_front": "1",
        "rewrite_hierarchical": "0"
    },
    "query_var": "post_type_key",
    "query_var_name": "",
    "default_term": {
        "default_term_enabled": "0"
    },
    "sort": 0,
    "meta_box": "default",
    "meta_box_cb": "",
    "meta_box_sanitize_cb": "",
    "modified": 1742792898
}
