{
    "key": "group_6850cf1f88fbf",
    "title": "c_rooms",
    "fields": [
        {
            "key": "field_6850cf256665b",
            "label": "Rooms Layout",
            "name": "rooms_layout",
            "aria-label": "",
            "type": "radio",
            "instructions": "",
            "required": 0,
            "conditional_logic": 0,
            "wrapper": {
                "width": "50",
                "class": "",
                "id": ""
            },
            "choices": {
                "carousel": "Carousel",
                "grid": "Grid"
            },
            "default_value": "carousel",
            "return_format": "value",
            "allow_null": 0,
            "other_choice": 0,
            "allow_in_bindings": 0,
            "layout": "horizontal",
            "save_other_choice": 0
        },
        {
            "key": "field_6850d1ce6665c",
            "label": "Show View Button",
            "name": "rooms_show_view_button",
            "aria-label": "",
            "type": "true_false",
            "instructions": "",
            "required": 0,
            "conditional_logic": 0,
            "wrapper": {
                "width": "50",
                "class": "",
                "id": ""
            },
            "message": "",
            "default_value": 0,
            "allow_in_bindings": 0,
            "ui": 0,
            "ui_on_text": "",
            "ui_off_text": ""
        },
        {
            "key": "field_6850d20f6665d",
            "label": "Rooms",
            "name": "rooms",
            "aria-label": "",
            "type": "post_object",
            "instructions": "",
            "required": 0,
            "conditional_logic": 0,
            "wrapper": {
                "width": "",
                "class": "",
                "id": ""
            },
            "post_type": [
                "room"
            ],
            "post_status": "",
            "taxonomy": "",
            "return_format": "id",
            "multiple": 1,
            "allow_null": 0,
            "allow_in_bindings": 0,
            "bidirectional": 0,
            "ui": 1,
            "bidirectional_target": []
        }
    ],
    "location": [
        [
            {
                "param": "post_type",
                "operator": "==",
                "value": "post"
            }
        ]
    ],
    "menu_order": 0,
    "position": "normal",
    "style": "default",
    "label_placement": "top",
    "instruction_placement": "label",
    "hide_on_screen": "",
    "active": true,
    "description": "",
    "show_in_rest": 0,
    "modified": 1750127183
}
