{
    "key": "group_67d943fa8312e",
    "title": "c_content",
    "fields": [
        {
            "key": "field_67d943fb2fd21",
            "label": "Content",
            "name": "content",
            "aria-label": "",
            "type": "flexible_content",
            "instructions": "",
            "required": 0,
            "conditional_logic": 0,
            "wrapper": {
                "width": "",
                "class": "",
                "id": ""
            },
            "layouts": {
                "layout_680723574e87d": {
                    "key": "layout_680723574e87d",
                    "name": "eyebrow",
                    "label": "Eyebrow",
                    "display": "block",
                    "sub_fields": [
                        {
                            "key": "field_680723744e880",
                            "label": "Eyebrow",
                            "name": "eyebrow",
                            "aria-label": "",
                            "type": "text",
                            "instructions": "",
                            "required": 0,
                            "conditional_logic": 0,
                            "wrapper": {
                                "width": "",
                                "class": "",
                                "id": ""
                            },
                            "default_value": "",
                            "maxlength": "",
                            "allow_in_bindings": 0,
                            "placeholder": "",
                            "prepend": "",
                            "append": ""
                        }
                    ],
                    "min": "",
                    "max": ""
                },
                "layout_67d9440e6ba14": {
                    "key": "layout_67d9440e6ba14",
                    "name": "title",
                    "label": "Title",
                    "display": "block",
                    "sub_fields": [
                        {
                            "key": "field_67d9456b2fd22",
                            "label": "Title",
                            "name": "title",
                            "aria-label": "",
                            "type": "clone",
                            "instructions": "",
                            "required": 0,
                            "conditional_logic": 0,
                            "wrapper": {
                                "width": "",
                                "class": "",
                                "id": ""
                            },
                            "clone": [
                                "group_67d8fd9eadf4d"
                            ],
                            "display": "seamless",
                            "layout": "block",
                            "prefix_label": 0,
                            "prefix_name": 0
                        }
                    ],
                    "min": "",
                    "max": ""
                },
                "layout_67da21804cf1f": {
                    "key": "layout_67da21804cf1f",
                    "name": "description",
                    "label": "Description",
                    "display": "block",
                    "sub_fields": [
                        {
                            "key": "field_67da218d4cf23",
                            "label": "Description",
                            "name": "description",
                            "aria-label": "",
                            "type": "wysiwyg",
                            "instructions": "",
                            "required": 0,
                            "conditional_logic": 0,
                            "wrapper": {
                                "width": "",
                                "class": "",
                                "id": ""
                            },
                            "default_value": "",
                            "allow_in_bindings": 0,
                            "tabs": "all",
                            "toolbar": "full",
                            "media_upload": 1,
                            "delay": 0
                        }
                    ],
                    "min": "",
                    "max": ""
                },
                "layout_67f495467bf80": {
                    "key": "layout_67f495467bf80",
                    "name": "buttons",
                    "label": "Buttons",
                    "display": "block",
                    "sub_fields": [
                        {
                            "key": "field_67f495527bf83",
                            "label": "Buttons",
                            "name": "buttons",
                            "aria-label": "",
                            "type": "repeater",
                            "instructions": "",
                            "required": 0,
                            "conditional_logic": 0,
                            "wrapper": {
                                "width": "",
                                "class": "",
                                "id": ""
                            },
                            "layout": "table",
                            "min": 0,
                            "max": 0,
                            "collapsed": "",
                            "button_label": "Add Button",
                            "rows_per_page": 20,
                            "sub_fields": [
                                {
                                    "key": "field_680f059a86141",
                                    "label": "Button",
                                    "name": "button",
                                    "aria-label": "",
                                    "type": "clone",
                                    "instructions": "",
                                    "required": 0,
                                    "conditional_logic": 0,
                                    "wrapper": {
                                        "width": "",
                                        "class": "",
                                        "id": ""
                                    },
                                    "clone": [
                                        "group_67d905874a226"
                                    ],
                                    "display": "seamless",
                                    "layout": "block",
                                    "prefix_label": 0,
                                    "prefix_name": 0,
                                    "parent_repeater": "field_67f495527bf83"
                                }
                            ]
                        }
                    ],
                    "min": "",
                    "max": ""
                }
            },
            "min": "",
            "max": "",
            "button_label": "Add Content"
        }
    ],
    "location": [
        [
            {
                "param": "post_type",
                "operator": "==",
                "value": "post"
            }
        ]
    ],
    "menu_order": 0,
    "position": "normal",
    "style": "default",
    "label_placement": "top",
    "instruction_placement": "label",
    "hide_on_screen": "",
    "active": true,
    "description": "",
    "show_in_rest": 0,
    "modified": 1745815064
}
