{
    "key": "ui_options_page_67e3d195246ad",
    "title": "Hotel Info",
    "active": true,
    "menu_order": 0,
    "page_title": "Hotel Info",
    "menu_slug": "hotel-info",
    "parent_slug": "none",
    "advanced_configuration": 1,
    "icon_url": "",
    "menu_title": "",
    "position": 26,
    "redirect": 0,
    "description": "",
    "menu_icon": {
        "type": "dashicons",
        "value": "dashicons-info"
    },
    "update_button": "Update",
    "updated_message": "Options Updated",
    "capability": "edit_posts",
    "data_storage": "options",
    "post_id": "",
    "autoload": 0,
    "modified": 1742983739
}
