{
    "key": "group_67e0d256e9f13",
    "title": "p_icon",
    "fields": [
        {
            "key": "field_67e0d257ebb89",
            "label": "Icon",
            "name": "p_icon",
            "aria-label": "",
            "type": "select",
            "instructions": "",
            "required": 0,
            "conditional_logic": 0,
            "wrapper": {
                "width": "15",
                "class": "",
                "id": ""
            },
            "choices": {
                "facebook": "Facebook",
                "guard": "Guard",
                "history": "History",
                "instagram": "Instagram",
                "tiktok": "Tiktok",
                "trophy": "Trophy",
                "whatsapp": "Whatsapp",
                "zalo": "Zalo"
            },
            "default_value": false,
            "return_format": "value",
            "multiple": 0,
            "allow_null": 0,
            "allow_in_bindings": 0,
            "ui": 1,
            "ajax": 1,
            "placeholder": ""
        }
    ],
    "location": [
        [
            {
                "param": "post_type",
                "operator": "==",
                "value": "post"
            }
        ]
    ],
    "menu_order": 0,
    "position": "normal",
    "style": "default",
    "label_placement": "top",
    "instruction_placement": "label",
    "hide_on_screen": "",
    "active": true,
    "description": "",
    "show_in_rest": 0,
    "modified": 1748247054
}
