{
    "key": "post_type_67e0e2b574ef3",
    "title": "Rooms",
    "menu_order": 0,
    "active": true,
    "post_type": "room",
    "advanced_configuration": true,
    "import_source": "",
    "import_date": "",
    "labels": {
        "name": "Rooms",
        "singular_name": "Room",
        "menu_name": "Rooms",
        "all_items": "All Rooms",
        "edit_item": "Edit Room",
        "view_item": "View Room",
        "view_items": "View Rooms",
        "add_new_item": "Add New Room",
        "add_new": "Add New Room",
        "new_item": "New Room",
        "parent_item_colon": "Parent Room:",
        "search_items": "Search Rooms",
        "not_found": "No room found",
        "not_found_in_trash": "No room found in Trash",
        "archives": "Room Archives",
        "attributes": "Room Attributes",
        "featured_image": "",
        "set_featured_image": "",
        "remove_featured_image": "",
        "use_featured_image": "",
        "insert_into_item": "Insert into room",
        "uploaded_to_this_item": "Uploaded to this room",
        "filter_items_list": "Filter room list",
        "filter_by_date": "Filter room by date",
        "items_list_navigation": "Room list navigation",
        "items_list": "Room list",
        "item_published": "Room published.",
        "item_published_privately": "Room published privately.",
        "item_reverted_to_draft": "Room reverted to draft.",
        "item_scheduled": "Room scheduled.",
        "item_updated": "Room updated.",
        "item_link": "Room Link",
        "item_link_description": "A link to a room."
    },
    "description": "",
    "public": true,
    "hierarchical": false,
    "exclude_from_search": false,
    "publicly_queryable": true,
    "show_ui": true,
    "show_in_menu": true,
    "admin_menu_parent": "",
    "show_in_admin_bar": true,
    "show_in_nav_menus": true,
    "show_in_rest": true,
    "rest_base": "",
    "rest_namespace": "wp\/v2",
    "rest_controller_class": "WP_REST_Posts_Controller",
    "menu_position": "",
    "menu_icon": {
        "type": "dashicons",
        "value": "dashicons-admin-home"
    },
    "rename_capabilities": false,
    "singular_capability_name": "post",
    "plural_capability_name": "posts",
    "supports": [
        "title",
        "editor",
        "thumbnail"
    ],
    "taxonomies": "",
    "has_archive": false,
    "has_archive_slug": "",
    "rewrite": {
        "permalink_rewrite": "post_type_key",
        "with_front": "1",
        "feeds": "0",
        "pages": "1"
    },
    "query_var": "post_type_key",
    "query_var_name": "",
    "can_export": true,
    "delete_with_user": false,
    "register_meta_box_cb": "",
    "enter_title_here": "",
    "modified": 1748919952
}
